                  epoch,         train/box_loss,         train/cls_loss,         train/dfl_loss,   metrics/precision(B),      metrics/recall(B),       metrics/mAP50(B),    metrics/mAP50-95(B),           val/box_loss,           val/cls_loss,           val/dfl_loss,                 lr/pg0,                 lr/pg1,                 lr/pg2
                      1,                0.36327,                  1.899,                 1.0024,                0.34089,                0.68928,                0.40424,                0.40302,                0.10865,                 1.3567,                 1.0509,             0.00027747,             0.00027747,             0.00027747
                      2,                0.18618,                 1.5039,                0.91194,                0.36292,                 0.6633,                0.48163,                0.47156,                0.13244,                 1.2992,                 1.0674,             0.00044522,             0.00044522,             0.00044522
                      3,                0.16128,                 1.4317,                0.90484,                0.49035,                 0.6759,                0.58424,                0.58178,                0.10548,                 1.0841,                 1.0514,             0.00050301,             0.00050301,             0.00050301
                      4,                0.13648,                 1.3741,                0.89844,                0.53137,                0.67993,                0.61826,                0.61714,                0.05569,                0.99796,                 1.0467,              0.0003382,              0.0003382,              0.0003382
                      5,                0.12935,                 1.3528,                 0.8973,                0.55483,                0.62363,                0.61486,                0.60831,                0.07292,                 1.4641,                 1.0504,              0.0003382,              0.0003382,              0.0003382
