                  epoch,         train/box_loss,         train/cls_loss,         train/dfl_loss,   metrics/precision(B),      metrics/recall(B),       metrics/mAP50(B),    metrics/mAP50-95(B),           val/box_loss,           val/cls_loss,           val/dfl_loss,                 lr/pg0,                 lr/pg1,                 lr/pg2
                      1,                0.47251,                   1.14,                 1.0371,                 0.8877,                0.90983,                0.94761,                0.93501,                0.21673,                0.53512,                 1.0764,             0.00055415,             0.00055415,             0.00055415
                      2,                0.26632,                0.70429,                0.93481,                0.90742,                0.85719,                 0.9165,                0.91177,                0.12346,                0.94694,                 1.0616,             0.00089007,             0.00089007,             0.00089007
                      3,                0.22923,                0.63167,                0.92355,                0.95298,                0.94713,                0.98172,                0.97628,                0.12296,                0.29145,                 1.0568,               0.001006,               0.001006,               0.001006
                      4,                0.19195,                0.57168,                0.91226,                0.95801,                0.93178,                0.98476,                0.98021,                0.10453,                0.22788,                 1.0542,              0.0006768,              0.0006768,              0.0006768
                      5,                0.17617,                  0.544,                0.90627,                0.95204,                0.92005,                0.97304,                0.96472,                0.11948,                0.26836,                 1.0599,              0.0006768,              0.0006768,              0.0006768
